Hungarian,English
a,the
meg,yes
vagy,or
van,there is
vagyok,I am
vannak,there are
vagytok,"you are"""
volt,volt
már,already
kell,must
még,yet
és,and
mint,as
"azt, az","that, that"
akkor,then
sem,neither
lehet,it can be
mert,because
minden,all
olyan,it's like that
szerint,according to
pedig,while
"ezt, ez","this, this"
így,like this
után,after
úgy,business
nagy,large
fel,up
majd,then
két,two
nem,not
nagyon,very
aki,who
most,now
több,more
lesz,will be
itt,here
magyar,Hungarian
ami,which
mit,what
első,first
között,between
amely,which
hanem,rather
nincs,there is none
más,other
illetve,respectively
alatt,under
egyik,one
volna,would have
arra,to that
kft.,Ltd.
ilyen,such
azonban,however
sok,many
való,it's real
által,by
amikor,when
számára,for him
valamint,as well as
azért,for that
egy,one
saját,own
jól,well
ember,human
ahol,where
ott,there
annak,of that
mindig,always
miatt,because of
mellett,beside
kis,small
alapján,based on
lenne,would be
előtt,before
egész,whole
nélkül,without
lett,Latvian
ezért,therefore
igen,Yes
másik,another
stb.,etc.
teljes,complete
néhány,some
során,during
ma,today
hiszen,since
milyen,what's it like
mely,deep
mind,both
valami,something
viszont,on the other hand
áll,stands
tehát,so
inkább,rather
legyen,be
három,three
tudom,i know
amelyek,which
éves,years old
ezek,these
adott,given
nagyobb,bigger
például,for example
szükséges,necessary
együtt,together
azok,those
akár,will
tovább,further
ennek,of this
nekem,me
megfelelő,appropriate
őket,them
szó,weave
elég,enough
hozzá,to it
erre,for this
neki,him
ezzel,with this
következő,following
esetén,in case of
mivel,since
ezen,on this
belül,within
éppen,right now
közül,of
fontos,important
jobb,right
benne,in it
magát,himself
esetben,case
talán,maybe
különböző,different
voltak,were
fog,will
teljesen,completely
maga,yourself
rendszer,system
nap,day
egyes,some
található,is located
vele,with him
ebben,in this
kellett,had to
második,second
túl,over
minden,all
egyre,increasingly
csak,only
arról,about it
valaki,someone
ennek,of this
óta,since
emberek,people
egyéb,other
ahogy,as
semmi,nothing
tudja,you know
azzal,with that
ugyanis,because
került,cost
ellen,against
mondta,he said
aztán,then
című,titled
módon,way
vissza,back
bár,bar
világ,world
abban,in that
legnagyobb,largest
mindenki,everyone
jelent,means
újra,again
persze,of course
részt,part
tud,can
kívül,outside
eddig,so far
most,now
össze,together
keresztül,through
biztos,sure
utolsó,last
isten,God
idő,time
azon,on it
itt,here
kerül,costs
szinte,almost
egyetlen,single
dolog,thing
szép,beautiful
mikor,When
mégis,still
érdekében,in order to
felé,towards
mai,today
szemben,opposite
sokkal,much
jog,law
hogyan,how
